ax,ay,az,gx,gy,gz
-0.3550,-0.7065,-0.0461,17.1069,13.9542,14.4504
-0.3484,-0.6956,-0.0398,18.0992,11.7634,13.1603
-0.3401,-0.6858,-0.0415,19.5420,9.5649,11.4733
-0.3179,-0.6819,-0.0410,21.3130,7.5038,9.5802
-0.3037,-0.6797,-0.0413,23.4656,6.0076,6.9160
-0.2869,-0.6848,-0.0366,25.8931,4.7710,4.1069
-0.2717,-0.6990,-0.0374,28.7176,4.5420,0.5038
-0.2603,-0.7219,-0.0354,31.5878,4.7252,-3.5420
-0.2605,-0.7551,-0.0364,34.7863,5.7710,-8.0382
-0.2529,-0.8015,-0.0349,38.1145,7.5725,-12.8321
-0.2654,-0.8635,-0.0452,41.4656,10.0992,-17.4580
-0.2610,-0.9141,-0.0488,44.8473,13.1069,-22.2061
-0.2610,-0.9739,-0.0588,48.2137,16.8626,-26.6489
-0.2593,-1.0352,-0.0518,51.6336,20.9924,-30.5725
-0.2568,-1.1047,-0.0588,54.9847,25.4886,-34.0382
-0.2385,-1.1689,-0.0698,57.9618,30.5649,-37.2290
-0.2336,-1.2305,-0.0818,60.6031,36.4733,-40.3282
-0.2297,-1.3005,-0.0957,63.0153,43.0687,-43.3130
-0.2349,-1.3596,-0.1182,65.0000,49.9771,-46.4656
-0.2437,-1.4016,-0.1353,66.5115,56.7252,-49.5725
-0.2861,-1.4370,-0.1477,67.8015,62.5649,-52.6565
-0.3403,-1.4629,-0.1580,68.8931,67.2595,-55.0611
-0.3865,-1.4834,-0.1704,69.6489,70.6183,-56.9160
-0.4436,-1.4915,-0.1863,69.7099,72.4351,-57.5115
-0.4993,-1.4883,-0.2029,69.1374,73.4046,-56.5267
-0.5554,-1.4717,-0.2068,67.9695,73.2137,-53.6947
-0.5937,-1.4265,-0.2134,65.9160,72.2137,-49.1069
-0.6182,-1.3518,-0.2219,63.0305,70.0611,-42.8397
-0.6216,-1.2434,-0.2285,59.1069,67.1603,-35.0229
-0.6074,-1.1389,-0.2261,54.3969,63.8321,-26.7481
-0.5872,-1.0125,-0.2092,49.0840,59.9618,-17.5420
-0.5569,-0.9189,-0.1921,43.6107,56.2443,-8.7710
-0.5222,-0.8337,-0.1643,38.1298,52.2595,-0.6412
-0.4819,-0.7839,-0.1458,32.7863,48.4351,6.5344
-0.4573,-0.7629,-0.1370,27.9389,45.0076,12.8092
-0.4473,-0.7603,-0.1360,23.8550,42.4656,18.2824
-0.4277,-0.7568,-0.1379,20.3969,40.3893,22.2214
-0.4043,-0.7751,-0.1455,17.8244,38.7863,24.9924
-0.3816,-0.7920,-0.1443,15.8168,37.1985,26.4351
-0.3694,-0.8098,-0.1460,14.5191,35.5038,26.7557
-0.3599,-0.8425,-0.1333,13.8473,33.8397,26.1069
-0.3450,-0.8748,-0.1267,13.5649,32.7099,24.5191
-0.3267,-0.8933,-0.1287,13.6565,32.3893,22.1908
-0.3157,-0.8894,-0.1370,13.8092,32.8092,19.3588
-0.3013,-0.8811,-0.1440,13.8931,33.9008,16.0305
-0.2969,-0.8640,-0.1504,13.7939,35.4351,12.4504
-0.2898,-0.8359,-0.1580,13.5115,36.8855,8.7710
-0.2915,-0.7974,-0.1587,13.0076,37.8702,4.9466
-0.2944,-0.7561,-0.1580,12.1679,38.2595,1.2519
-0.3013,-0.7266,-0.1538,11.0153,37.9618,-2.0382
-0.3154,-0.6992,-0.1509,9.5496,37.1756,-5.1374
-0.3357,-0.6804,-0.1509,7.9466,35.6641,-7.8626
-0.3562,-0.6702,-0.1536,6.0000,33.5954,-10.3588
-0.3726,-0.6624,-0.1536,3.7786,30.8015,-12.5573
-0.3931,-0.6624,-0.1570,1.4733,27.2519,-14.5115
-0.4031,-0.6665,-0.1536,-0.7405,23.4275,-15.9847
-0.4124,-0.6741,-0.1428,-3.1221,19.6565,-17.0763
-0.4185,-0.6890,-0.1262,-5.5496,16.5725,-17.6947
-0.4128,-0.7202,-0.1130,-7.8855,14.2748,-17.8931
-0.4202,-0.7390,-0.0957,-10.2366,12.1603,-17.9618
-0.4255,-0.7317,-0.0903,-12.3664,10.4733,-17.8779
-0.4302,-0.7314,-0.0850,-14.5191,8.6870,-17.6565
-0.4377,-0.7261,-0.0815,-16.6870,6.5496,-17.4275
-0.4438,-0.7224,-0.0715,-18.7634,4.2443,-17.2824
-0.4602,-0.7148,-0.0559,-20.6718,1.3893,-17.2366
-0.4719,-0.7144,-0.0315,-22.2824,-1.9618,-17.0382
-0.4673,-0.7195,-0.0164,-23.7634,-5.0153,-17.2748
-0.4624,-0.7202,-0.0164,-25.1298,-7.7710,-17.6870
-0.4719,-0.7285,-0.0100,-26.5954,-10.6336,-18.6183
-0.4763,-0.7405,-0.0032,-28.0076,-13.8702,-20.0000
-0.5005,-0.7681,0.0193,-29.2977,-17.6870,-21.5114
-0.5212,-0.8130,0.0535,-30.2672,-21.7405,-22.8855
-0.5505,-0.8618,0.0937,-30.8550,-26.1069,-24.2061
-0.5837,-0.9148,0.1282,-30.7786,-30.8931,-25.2137
-0.6189,-0.9724,0.1418,-30.2290,-35.9313,-25.2366
-0.6729,-1.0166,0.0662,-31.4886,-36.8321,-22.9160
-0.6687,-1.1304,0.1731,-27.9008,-36.9084,-20.6412
-0.8237,-1.2268,0.2495,-24.7176,-37.7634,-12.9618
-0.9229,-1.3298,0.3420,-21.4962,-36.8397,-4.2824
-0.8135,-1.3003,0.4026,-18.0992,-32.8626,1.7863
-0.7644,-1.2708,0.4160,-16.1145,-24.0000,7.9847
-0.7761,-1.2561,0.4294,-15.0611,-9.4885,15.9160
-0.8333,-1.2305,0.4197,-13.6870,2.3817,22.6183
-0.8750,-1.1765,0.3533,-12.5191,4.1985,28.2672
-0.8164,-1.1099,0.2568,-11.1374,-2.0153,32.0382
-0.6140,-1.0107,0.1108,-11.5191,-8.1069,33.0992
-0.4551,-0.9285,-0.0222,-14.0000,-8.2824,33.1069
-0.3535,-0.9138,-0.1021,-17.0534,-3.2824,33.6947
-0.3369,-0.9141,-0.1133,-18.7863,2.1527,33.8931
-0.3894,-0.9358,-0.1001,-18.8473,1.3053,34.2824
-0.4084,-0.9463,-0.1016,-18.3206,-3.2290,34.4504
-0.3831,-0.9377,-0.1072,-17.0000,-6.6794,33.6641
-0.3750,-0.9189,-0.1104,-16.3511,-8.2519,32.3893
-0.3962,-0.9104,-0.1318,-15.9237,-8.3130,31.2061
-0.4004,-0.9189,-0.1587,-15.6794,-5.6183,31.1679
-0.3933,-0.9590,-0.1323,-14.0534,-2.7710,30.7557
-0.4521,-1.0200,-0.1128,-11.9466,-3.8931,29.7405
-0.4768,-1.0828,-0.1028,-9.0000,-8.7328,27.6260
-0.4814,-1.1340,-0.1201,-5.4885,-14.6183,24.6489
-0.4900,-1.1829,-0.1382,-1.6870,-19.6565,22.4427
-0.4897,-1.2390,-0.1597,1.8550,-22.1832,20.6412
-0.4668,-1.2922,-0.1780,4.6794,-22.3130,19.1450
-0.4480,-1.3250,-0.1858,6.7023,-21.3130,18.5496
-0.4426,-1.3442,-0.1848,8.0916,-19.3053,18.6794
-0.4343,-1.3394,-0.1782,8.7252,-15.4351,19.7863
-0.4338,-1.3188,-0.1677,8.6794,-10.2595,21.7099
-0.4233,-1.2915,-0.1648,7.7557,-3.9389,24.6412
-0.4084,-1.2502,-0.1567,6.0992,3.0000,28.5954
-0.3899,-1.1973,-0.1533,3.8321,9.8702,32.8168
-0.3691,-1.1375,-0.1448,1.2977,16.0305,37.0916
-0.3616,-1.0706,-0.1409,-1.5573,20.7405,41.3969
-0.3596,-1.0159,-0.1401,-4.3511,23.5878,45.3206
-0.3660,-0.9705,-0.1484,-7.2748,24.7481,48.6641
-0.3687,-0.9285,-0.1626,-10.0153,24.8397,51.7786
-0.3655,-0.8982,-0.1716,-12.8321,25.4962,54.1069
-0.3484,-0.8745,-0.1765,-15.2824,26.6794,55.8779
-0.3381,-0.8481,-0.1887,-17.8779,26.8702,57.0382
-0.3301,-0.8274,-0.1841,-20.2290,26.9389,57.6641
-0.3042,-0.8040,-0.1855,-22.5038,27.5725,57.5115
-0.2988,-0.7808,-0.1799,-24.8321,31.2672,57.0916
-0.2876,-0.7866,-0.1812,-26.5878,37.0229,56.1298
-0.3176,-0.7727,-0.1926,-28.3588,42.4809,54.8550
-0.3606,-0.7983,-0.2227,-30.3435,48.7328,53.9542
-0.4097,-0.8184,-0.2678,-32.5496,54.6794,53.2443
-0.4919,-0.8750,-0.3159,-34.7863,59.4351,53.3588
-0.6050,-0.9250,-0.3884,-37.4962,64.4504,54.5496
-0.7366,-1.0208,-0.4797,-40.5649,69.3969,56.9771
-0.8442,-1.1177,-0.5449,-42.9924,69.3130,59.6794
-0.9224,-1.2019,-0.6187,-45.1527,66.0534,63.4656
-0.9468,-1.2319,-0.6543,-46.9847,56.6794,67.2061
-0.9167,-1.2065,-0.6528,-48.8702,41.7023,71.0382
-0.8506,-1.1465,-0.6230,-49.7023,25.7099,74.6107
-0.7876,-1.0559,-0.5959,-49.4275,10.9542,77.5191
-0.7100,-0.9260,-0.5972,-48.0534,1.6641,78.2977
-0.6384,-0.7676,-0.6011,-46.6489,-4.3435,76.9389
-0.5928,-0.5872,-0.5847,-45.0305,-8.4198,73.2443
-0.5391,-0.3994,-0.5337,-43.9084,-10.4656,68.1221
-0.4841,-0.2468,-0.4460,-43.1145,-10.1527,61.8626
-0.4099,-0.1196,-0.3457,-43.0153,-8.7328,55.2977
-0.3721,-0.0691,-0.2759,-43.9237,-4.6489,49.3053
-0.3423,-0.0564,-0.2366,-44.6489,0.6641,43.5191
-0.3384,-0.0500,-0.2324,-46.3740,7.6412,36.9160
-0.4080,-0.0928,-0.2620,-47.0000,14.0000,30.7405
-0.4690,-0.1223,-0.3274,-46.4046,18.2595,24.0992
-0.5547,-0.1653,-0.3948,-45.0458,19.9389,16.9008
-0.6321,-0.2258,-0.4187,-42.3282,18.0840,10.1832
-0.7109,-0.2776,-0.4399,-38.6565,12.8321,5.0916
-0.7332,-0.3044,-0.4053,-34.8092,5.9160,1.8626
-0.7124,-0.3086,-0.3611,-32.3969,0.8015,0.0382
-0.7178,-0.3093,-0.3518,-31.9313,0.4656,-0.3130
-0.7405,-0.3533,-0.3997,-32.2137,9.8550,0.6031
-0.7344,-0.4285,-0.2634,-22.3511,17.3206,-1.1832
-1.0706,-0.4399,-0.3027,-21.2519,20.5344,4.8015
-1.0171,-0.3726,-0.3130,-17.2061,19.1069,1.8931
-1.1235,-0.2793,-0.4675,-21.8473,11.5420,0.6718
-0.8862,-0.2969,-0.6116,-27.9008,13.0611,-1.9008
-0.7737,-0.3384,-0.7273,-32.4351,21.0382,-4.6489
-0.9292,-0.5034,-0.6709,-27.0916,26.7710,1.9466
-0.9536,-0.4436,-0.4866,-27.4656,32.8702,8.3893
-1.0095,-0.1838,-0.2468,-28.1069,27.9542,7.3206
-0.9883,-0.1101,-0.2551,-30.4504,13.7405,8.3053
-0.9146,-0.0955,-0.2217,-31.9237,2.4885,5.8473
-0.7705,-0.0471,-0.2258,-33.8321,-2.4046,2.5496
-0.6965,-0.0435,-0.2878,-35.9924,-2.5191,0.4580
-0.6396,-0.0557,-0.3079,-36.8855,-3.6718,-2.9771
-0.5947,-0.0420,-0.2607,-37.3588,-5.2748,-7.1679
-0.5691,-0.0469,-0.2273,-37.4962,-4.1069,-10.4885
-0.5872,-0.0703,-0.2214,-37.8168,-0.1985,-12.4427
-0.6338,-0.1055,-0.2490,-37.8168,3.0840,-14.1450
-0.6541,-0.1399,-0.3274,-37.3588,4.9466,-16.6870
-0.6501,-0.1697,-0.4077,-37.0763,5.7099,-19.6641
-0.6235,-0.2031,-0.4663,-37.2290,5.7023,-22.6260
-0.6006,-0.1980,-0.4998,-37.6947,5.9695,-25.2519
-0.5574,-0.2141,-0.5349,-38.0382,7.3359,-27.1908
-0.5232,-0.2346,-0.5552,-38.6718,9.4427,-29.0382
-0.5012,-0.2344,-0.5671,-39.1908,11.5802,-30.6031
-0.5256,-0.2566,-0.5859,-38.7634,13.5573,-31.8321
-0.5437,-0.2773,-0.5959,-37.4351,14.6412,-33.3282
-0.7710,-0.4561,-0.3523,-17.3969,14.5802,-21.3969
-0.6187,-0.4998,-0.6802,-27.6183,-13.9466,-6.3817
-0.6357,-0.5293,-0.5332,-22.0840,-14.1756,-1.6641
-0.6658,-0.5505,-0.4128,-15.4885,-8.9084,3.4733
-0.7332,-0.5652,-0.3210,-8.6794,-0.1679,9.2901
-0.8042,-0.5869,-0.2888,-2.6260,8.5954,14.5267
-0.8335,-0.5952,-0.3391,2.4351,14.7634,18.7176
-0.8574,-0.5991,-0.4463,5.8702,20.1374,22.7176
-0.7739,-0.5796,-0.5466,8.3206,23.5191,25.0229
-0.7114,-0.5869,-0.6394,10.3969,27.3282,26.7176
-0.6880,-0.6028,-0.6733,11.7099,27.9466,28.6107
-0.6560,-0.6042,-0.7139,12.7939,26.4733,28.8244
-0.6458,-0.5654,-0.7661,11.9008,24.6870,28.3282
-0.7192,-0.5601,-0.8823,8.4427,24.9160,29.0992
-0.8447,-0.6204,-0.9211,6.5649,22.9008,33.0763
-0.9180,-0.6360,-0.9026,6.9618,14.0000,35.1756
-0.9487,-0.6230,-0.8984,7.2748,-2.8550,36.1145
-0.8379,-0.5837,-0.8904,6.1603,-19.8321,34.3282
-0.7361,-0.5479,-0.8491,2.6412,-32.8550,30.7481
-0.6865,-0.5347,-0.7725,-1.8931,-44.9847,26.7252
-0.6914,-0.5286,-0.6926,-5.9084,-54.0305,22.9313
-0.6860,-0.5745,-0.6321,-8.9237,-58.0305,19.7557
-0.7036,-0.5764,-0.6069,-10.0000,-55.1221,17.5725
-0.7534,-0.5630,-0.5881,-10.5573,-47.4962,17.4275
-0.7676,-0.5339,-0.5178,-10.3435,-39.4046,18.6565
-0.7751,-0.5134,-0.4231,-8.7405,-33.1756,20.8092
-0.7312,-0.5042,-0.3486,-5.2519,-27.0763,22.2290
-0.7124,-0.5110,-0.3347,-2.0000,-26.8550,22.9237
-0.6370,-0.5430,-0.3269,1.9313,-24.7557,23.9847
-0.6460,-0.5879,-0.4255,3.8931,-19.6565,24.2290
-0.6240,-0.6094,-0.5496,5.0916,-16.5954,25.0534
-0.6255,-0.6316,-0.6843,4.6260,-10.6489,25.3893
-0.6960,-0.6270,-0.7527,3.1908,-6.0840,27.0763
-0.6914,-0.5999,-0.7532,2.3206,-2.5344,27.1985
-0.7002,-0.5359,-0.7236,1.7405,1.1527,27.0534
-0.7419,-0.4946,-0.6577,1.2061,3.4351,27.7023
-0.8123,-0.4534,-0.5774,0.7557,3.4046,29.0305
-0.8728,-0.3918,-0.5120,0.1145,0.4885,30.4809
-0.9292,-0.3347,-0.4507,-0.4962,-4.8779,32.0305
-0.9563,-0.2915,-0.4106,-1.3511,-11.2901,33.1603
-0.9673,-0.2727,-0.3792,-2.2443,-17.0992,33.7252
-0.9282,-0.2656,-0.3708,-2.6031,-21.8168,33.1527
-0.9163,-0.2869,-0.3831,-2.6870,-23.5114,32.7481
-0.9194,-0.3193,-0.4026,-2.3130,-22.3664,32.7710
-0.9797,-0.3936,-0.4004,-0.0763,-21.1069,33.7557
-1.0183,-0.5068,-0.4329,5.1374,-23.0840,34.6031
-1.0271,-0.6804,-0.4946,12.2519,-24.2366,34.1756
-1.0046,-0.8367,-0.6038,19.6870,-23.0763,32.3893
-0.9932,-0.9312,-0.7163,25.5649,-18.8473,30.7786
-1.0161,-0.9546,-0.8005,28.9084,-13.3435,30.9924
-0.9973,-0.9331,-0.8625,29.9924,-7.0611,32.0458
-1.0063,-0.8850,-0.8562,29.3740,-1.4122,34.5878
-1.0769,-0.8059,-0.7776,27.7710,1.7328,38.0458
-1.1748,-0.7185,-0.6992,26.0687,0.8702,41.9542
-1.2344,-0.6150,-0.6099,23.9924,-2.5573,45.6183
-1.2881,-0.4858,-0.5334,21.0916,-7.4962,50.3282
-1.2400,-0.3518,-0.4934,18.3206,-14.9618,54.5344
-1.1077,-0.2383,-0.4673,15.6641,-21.3740,57.9008
-0.8711,-0.1726,-0.4946,13.1145,-24.7405,58.8397
-0.6279,-0.1257,-0.5706,9.2595,-23.2595,57.3282
-0.4871,-0.0920,-0.6196,3.8931,-17.6794,54.8626
-0.4299,-0.0999,-0.6108,-0.8550,-11.8321,50.7863
-0.4885,-0.1165,-0.5315,-3.6183,-8.3130,46.7481
-0.5862,-0.1455,-0.4297,-3.9313,-8.4733,43.5115
-0.6418,-0.1453,-0.3599,-2.2214,-12.0687,40.6870
-0.6082,-0.1218,-0.3467,0.1908,-17.8092,37.2137
-0.5149,-0.0830,-0.3801,2.0763,-23.0687,32.6336
-0.4041,-0.0188,-0.4167,2.1756,-25.7328,27.0916
-0.3450,0.0266,-0.4336,0.3817,-24.6947,22.0611
-0.3708,0.0457,-0.4436,-2.4962,-20.1985,17.7863
-0.4160,0.0090,-0.4473,-4.8702,-15.9466,14.1145
-0.4753,-0.0728,-0.4639,-6.0611,-13.3969,11.2824
-0.5205,-0.1489,-0.4709,-6.4885,-12.2290,9.5267
-0.5312,-0.2129,-0.4854,-5.4275,-12.8779,8.4046
-0.4995,-0.2710,-0.5007,-3.0687,-15.1221,7.2595
-0.4370,-0.2937,-0.5247,0.3206,-16.6489,5.8702
-0.3518,-0.3115,-0.5559,3.5954,-15.1450,3.4580
-0.2981,-0.3174,-0.6133,5.6183,-10.7099,0.8092
-0.2932,-0.3020,-0.6733,5.9466,-4.2901,-1.8626
-0.3521,-0.2478,-0.6694,5.2672,3.0229,-4.5649
-0.4871,-0.2021,-0.5808,5.1450,7.8015,-6.1908
-0.5977,-0.1697,-0.4717,5.8779,9.5802,-7.7939
-0.6370,-0.1462,-0.3794,7.6336,10.2519,-9.9237
-0.6199,-0.1443,-0.3396,9.4427,10.7557,-13.2748
-0.5781,-0.1592,-0.3276,11.1527,12.2824,-16.9847
-0.5593,-0.1758,-0.3459,13.1527,13.8550,-20.3740
-0.5557,-0.1978,-0.3660,15.1221,15.5344,-23.0840
-0.5737,-0.2288,-0.4014,16.6947,16.8168,-24.8779
-0.6003,-0.2456,-0.4429,18.3053,17.1450,-26.9771
-0.6421,-0.2805,-0.4609,20.1527,16.1221,-29.5038
-0.7075,-0.3474,-0.4634,22.0382,12.6260,-31.7405
-0.7283,-0.3975,-0.4448,23.6718,7.1908,-33.7557
-0.7004,-0.4243,-0.4126,24.8244,1.1527,-35.8015
-0.6252,-0.4404,-0.3586,26.1527,-3.7176,-38.1069
-0.5193,-0.4531,-0.3311,26.7481,-5.4504,-40.5954
-0.4436,-0.5095,-0.2808,27.7939,-3.0840,-42.7328
-0.4189,-0.6260,-0.2703,28.8550,1.9084,-44.5115
-0.4958,-0.6511,-0.2205,29.2824,6.1679,-44.9084
-0.5649,-0.6033,-0.1350,30.9466,8.5496,-45.3282
-0.5674,-0.5759,-0.1504,33.2595,7.2290,-46.1145
-0.4705,-0.5503,-0.2078,35.3588,4.0840,-46.2824
-0.3123,-0.5718,-0.2856,35.8855,3.5191,-46.8244
-0.1677,-0.6313,-0.3682,35.0229,5.6870,-47.6870
-0.0623,-0.7043,-0.3813,32.7710,8.9008,-49.1908
-0.0435,-0.7568,-0.3513,30.1450,13.0840,-51.0305
-0.0740,-0.7856,-0.3035,27.4504,17.2061,-53.4351
-0.1106,-0.8157,-0.2324,25.7481,19.8626,-56.4885
-0.1572,-0.8381,-0.1846,24.7863,20.6336,-59.5802
-0.2029,-0.7954,-0.1238,24.5267,19.0687,-62.4427
-0.2285,-0.7187,-0.0986,25.0229,16.8397,-64.6336
-0.2258,-0.6587,-0.1421,25.0305,15.0305,-66.5038
-0.1665,-0.5889,-0.2200,24.4962,14.6489,-67.9160
-0.1311,-0.4944,-0.3423,22.6489,16.1908,-68.9160
-0.2109,-0.3738,-0.4011,18.9313,18.4427,-68.2901
-0.3154,-0.2451,-0.3691,14.9313,20.9389,-68.4046
-0.3843,-0.2107,-0.2817,13.2748,24.8550,-69.8855
-0.4666,-0.3328,-0.2644,13.9466,30.8473,-70.5573
-0.4514,-0.5281,-0.2976,15.7099,37.4656,-71.1221
-0.4429,-0.7729,-0.4048,17.9695,42.1679,-70.7557
-0.5237,-0.9883,-0.4927,20.7176,41.9160,-68.2672
-0.6262,-1.0996,-0.4971,23.2137,36.8550,-66.9160
-0.6797,-1.1753,-0.5400,24.6641,31.7405,-65.9237
-0.7822,-1.1367,-0.5205,25.3053,25.3969,-64.2137
-0.8179,-1.1902,-0.5288,24.6336,21.9924,-63.4733
-0.7993,-1.2620,-0.5090,23.6183,21.6718,-62.5115
-0.7424,-1.3169,-0.4951,23.1603,25.7634,-62.1908
-0.6553,-1.3572,-0.5122,24.0000,34.0992,-61.2672
-0.6360,-1.3870,-0.5466,25.2443,44.1374,-59.3282
-0.7021,-1.3550,-0.6096,25.1679,53.4198,-56.1145
-0.8879,-1.1882,-0.6431,24.5878,58.9924,-53.4580
-1.2493,-1.0684,-0.6689,25.3130,56.9618,-51.8015
-1.6348,-1.1426,-0.6765,28.4427,48.5344,-51.6412
-1.8936,-1.3137,-0.7788,31.7710,33.4351,-50.0458
-1.9282,-1.4966,-0.9414,34.6794,18.5420,-45.8092
-1.7810,-1.6753,-1.1348,36.8550,14.2366,-37.5267
-1.6851,-1.8354,-1.2876,35.8550,18.9771,-25.0458
-1.6897,-1.9001,-1.2644,33.3817,22.3817,-10.8015
-1.6099,-1.8782,-1.3132,27.7252,29.4886,-0.0076
-1.7500,-1.7451,-1.3665,21.0000,22.1145,8.8550
-2.0081,-1.6680,-1.2717,16.2977,13.7405,14.4885
-2.1292,-1.7327,-1.4346,12.6107,0.2824,18.3053
-2.1052,-2.0078,-1.6843,8.2748,-11.8550,28.9008
-1.9429,-2.3037,-1.8970,0.1069,-16.7176,43.2748
-1.9729,-2.3938,-1.8750,-11.5115,-19.5267,57.7863
-2.1453,-2.2710,-1.6448,-24.0763,-23.9389,66.2748
-2.4246,-2.2173,-1.5549,-32.9008,-26.5725,70.4733
-2.6035,-2.4324,-1.6362,-38.2366,-33.6641,79.2214
-2.5737,-2.6968,-1.7444,-43.5725,-40.2214,98.0687
-2.1936,-2.9993,-1.7822,-51.9847,-30.1450,119.6794
-1.6328,-3.2988,-1.8071,-62.2366,-3.5649,137.2366
-1.3682,-3.1301,-1.6365,-73.2290,23.5191,149.0916
-1.4927,-2.6853,-1.2988,-86.0840,41.2901,154.4580
-1.4180,-2.4465,-1.0459,-96.2748,44.6870,151.1145
-1.1028,-2.3567,-0.8120,-104.3511,41.6260,147.0076
-0.8176,-2.3804,-0.6809,-109.0229,35.2672,147.0763
7.9998,6.0964,7.9998,106.1450,-250.1374,27.1756
-2.7539,-8.0000,-8.0000,-250.1374,250.1298,-250.1374
-8.0000,0.6084,-2.0393,-104.6565,-250.1374,250.1298
0.5444,0.1641,-2.4543,-118.2901,-156.0153,160.8473
3.4927,-2.2446,0.3564,-64.2061,-42.3893,57.5420
0.4150,1.0984,1.0671,-49.0687,-63.7328,34.0840
-0.2610,-0.7900,0.0400,-32.1374,-29.3511,51.6107
0.0662,-2.6553,-0.3762,-56.7786,19.6718,85.3969
-0.4175,-1.2507,-0.0474,-61.6870,-33.2901,121.9466
0.3325,-0.7007,0.1760,-52.7481,-62.5878,106.8168
0.3503,-0.7676,0.3516,-60.2366,-53.5878,80.1908
-0.0803,-0.8408,0.1599,-59.2672,-72.9237,68.8397
0.3691,-1.0911,-0.1858,-55.9084,-85.1374,76.1603
0.6848,-0.9729,-0.2053,-50.8168,-72.9695,88.8473
0.4224,-0.8633,-0.0117,-47.5802,-50.8779,87.2519
0.1326,-0.7402,-0.0227,-44.0534,-47.0229,83.2748
0.1313,-0.7241,-0.1311,-40.2214,-54.3893,82.1679
0.1187,-0.7644,-0.1047,-36.4809,-64.6336,82.6718
0.1299,-0.7576,-0.0510,-33.0840,-76.8168,81.1679
0.2778,-0.6799,0.0420,-31.2061,-84.8779,79.4351
0.5061,-0.5535,0.0979,-30.3817,-83.2061,76.2137
0.5532,-0.4248,0.1016,-31.6031,-70.8473,72.9847
0.4360,-0.3472,0.0791,-34.2443,-59.4046,69.8015
0.3420,-0.2937,0.0449,-36.8397,-51.3511,66.2290
0.2361,-0.2324,-0.0122,-38.6641,-45.4198,61.1374
0.0835,-0.2383,-0.1377,-40.9313,-40.0382,56.8473
0.0442,-0.2781,-0.1677,-42.1985,-42.1832,52.9924
0.2600,-0.1995,-0.1084,-39.9618,-57.8931,45.1450
0.5107,-0.0515,-0.1604,-36.9771,-65.5649,33.3053
0.6760,0.1799,-0.1235,-34.7634,-63.8779,18.2290
0.6885,0.3157,0.0146,-31.8702,-57.1450,3.4733
0.6077,0.2563,0.1226,-27.4351,-51.4809,-9.0229
0.4617,0.0955,0.1187,-23.1145,-45.7405,-18.7405
0.3706,0.0100,0.0686,-19.7328,-38.4046,-25.3817
0.2473,-0.1404,0.0039,-18.2519,-29.9313,-27.4427
0.0144,-0.3369,-0.0330,-18.7099,-24.0916,-23.2595
-0.1594,-0.4846,-0.0076,-20.7176,-18.8168,-15.9695
-0.2478,-0.5508,0.0374,-25.3969,-9.6107,-8.6107
-0.3359,-0.5085,0.0928,-30.2137,2.6718,-2.1069
-0.4177,-0.5059,0.1257,-35.1756,15.2901,3.0382
-0.4973,-0.5105,0.1296,-38.8702,23.3206,8.0840
-0.5139,-0.5303,0.1389,-41.3206,29.7786,12.0534
-0.5137,-0.5669,0.1294,-42.1069,33.9466,14.2977
-0.4795,-0.5774,0.1108,-42.0382,38.2519,14.3817
-0.4250,-0.5083,0.0718,-41.7634,44.2443,12.1145
-0.4475,-0.3950,0.0828,-40.3511,49.9008,5.9618
-0.4319,-0.2415,0.0354,-38.5267,53.6412,-2.7939
-0.5498,-0.1826,0.0393,-35.3740,53.2672,-10.9771
-0.6047,-0.1216,0.0293,-30.0687,47.0458,-22.2137
-0.7031,-0.1270,-0.0010,-26.3740,38.8702,-33.3130
-0.6943,-0.1028,-0.0093,-22.8702,31.4962,-45.3969
-0.7146,-0.1367,-0.0315,-18.4275,26.4351,-56.3053
-0.6604,-0.1760,-0.0171,-13.0916,24.8779,-68.0534
-0.6804,-0.2102,0.0420,-4.8092,23.2824,-81.6641
-0.7832,-0.2332,0.0522,4.9618,17.0382,-93.7939
-0.8691,-0.2988,-0.0452,12.6641,11.2290,-106.4733
-0.7610,-0.3931,0.0317,21.2901,10.1069,-122.1603
-1.1414,-0.5547,-0.0959,28.1985,0.8473,-131.9008
-1.0471,-0.6694,-0.1396,31.3893,-1.6260,-144.8931
-1.0117,-0.7913,-0.1482,33.8168,0.1756,-159.9008
-1.0374,-0.9932,-0.1143,36.4122,0.4809,-173.7939
-1.0366,-1.1316,-0.0408,42.7557,-6.8168,-187.0763
-1.1174,-1.2769,0.0198,49.0305,-20.2214,-198.7863
-1.0964,-1.4485,0.0728,55.3511,-33.3588,-206.9542
-1.0400,-1.6150,0.0872,61.9771,-44.9389,-215.8931
-1.0188,-1.7881,0.0371,65.7786,-50.1527,-223.4962
-0.9402,-1.9468,-0.0066,67.5267,-52.0763,-232.2443
-0.8313,-2.0815,-0.0098,66.8855,-47.8015,-242.7481
-0.6853,-2.2053,-0.0144,65.9160,-36.1985,-250.1374
-0.5879,-2.3684,-0.0073,64.2137,-18.9008,-250.1374
-0.5491,-2.5696,0.0054,63.2901,0.6031,-250.1374
-0.5576,-2.7627,0.0391,63.0076,22.1527,-250.1374
-0.5630,-3.0005,0.0513,63.8321,47.4046,-250.1374
-0.6372,-3.1692,0.0415,65.7405,77.1756,-250.1374
-0.7864,-3.3015,-0.0378,68.9618,106.5420,-250.1374
-1.0513,-3.3005,-0.1589,73.7557,131.0076,-250.1374
-1.2852,-3.1387,-0.3218,78.6947,147.9008,-232.2214
-1.4346,-2.9470,-0.4829,81.0534,156.2748,-205.9924
-1.5076,-2.6514,-0.6001,80.3740,158.2595,-177.0840
-1.4871,-2.3176,-0.6252,75.6336,151.6565,-148.0305
-1.3772,-2.0364,-0.5942,68.1756,133.4198,-121.4351
-1.2412,-1.8411,-0.5615,56.1298,107.0916,-100.2901
-1.1326,-1.6982,-0.5500,43.1450,76.8855,-79.9160
-1.0488,-1.5737,-0.5796,30.4962,48.6794,-62.8855
-1.0049,-1.5110,-0.5789,21.2901,24.7557,-51.8397
-1.0034,-1.4895,-0.5479,15.3130,4.8244,-44.7481
-1.0415,-1.4456,-0.5291,11.4046,-10.6107,-38.5191
-1.0173,-1.3792,-0.4651,7.8931,-15.7481,-33.6641
-1.0083,-1.2776,-0.3877,4.9618,-12.7939,-28.4427
-0.9646,-1.2156,-0.2971,2.6565,-3.6947,-24.5420
-0.9670,-1.1174,-0.2434,0.9695,9.3053,-20.5954
-0.9612,-1.0469,-0.2288,-0.2061,20.4809,-17.0229
-0.9434,-0.9922,-0.2405,-0.8931,29.0458,-13.1832
-0.9060,-0.9478,-0.2683,-1.5878,33.9847,-8.8015
-0.8931,-0.8989,-0.2808,-3.2214,36.2519,-2.8397
-0.9011,-0.8606,-0.2612,-5.1450,36.6870,4.8550
-0.9163,-0.8037,-0.2273,-7.7634,35.7710,13.6565
-0.9216,-0.7629,-0.1865,-10.8397,34.2672,22.3664
-0.9224,-0.7068,-0.1621,-14.5496,31.8855,31.4504
-0.9109,-0.6604,-0.1543,-18.4656,28.0534,39.9542
-0.8916,-0.6248,-0.1565,-22.4046,23.2290,48.1221
-0.8613,-0.6104,-0.1577,-26.1985,17.9771,55.5420
-0.8054,-0.6040,-0.1704,-29.8321,13.1450,62.2137
-0.7446,-0.6123,-0.1873,-33.3969,8.1985,68.0229
-0.7048,-0.6316,-0.1970,-36.8397,3.4046,73.1374
-0.6787,-0.6599,-0.1934,-40.1145,-1.6565,77.4427
-0.6504,-0.6924,-0.1853,-43.0534,-7.0153,81.0000
-0.6260,-0.7283,-0.1777,-45.5038,-12.4885,83.6947
-0.6035,-0.7756,-0.1646,-47.4885,-18.9695,85.5267
-0.5854,-0.8374,-0.1558,-48.9084,-26.0153,86.5954
-0.5720,-0.9470,-0.1191,-50.2214,-32.8550,87.3282
-0.5579,-1.0923,-0.0774,-51.0153,-40.2061,87.4962
-0.5740,-1.2830,-0.0283,-51.3588,-47.0382,87.7863
-0.6218,-1.5203,0.0247,-51.4351,-54.4504,88.4657
-0.6396,-1.7058,0.0671,-51.2061,-62.3740,89.6489
-0.6177,-1.8750,0.0835,-50.2824,-70.2748,91.5802
-0.5669,-1.9734,0.0945,-48.9924,-75.4351,94.5649
-0.5200,-2.0540,0.1057,-47.6565,-77.7252,98.4504
-0.4780,-2.0962,0.1248,-46.4733,-77.2672,102.9847
-0.4380,-2.1323,0.1372,-46.0382,-75.2366,107.7863
-0.3708,-2.1133,0.1348,-45.7481,-71.7710,112.7634
-0.3064,-2.0403,0.1296,-45.8397,-65.9771,117.1832
-0.2622,-1.9282,0.1135,-46.2595,-60.2672,121.2901
-0.2229,-1.8132,0.1089,-46.4046,-54.7099,124.9542
-0.1929,-1.7043,0.1011,-46.7710,-49.6183,128.3359
-0.1660,-1.6023,0.1062,-46.8626,-45.4122,130.7099
-0.1538,-1.5093,0.1023,-46.3740,-42.0076,132.2519
-0.1353,-1.4250,0.1130,-45.3282,-39.2290,132.3588
-0.1306,-1.3723,0.1282,-43.3588,-36.5878,131.6565
-0.1128,-1.3210,0.1392,-40.6947,-34.1679,129.7634
-0.1052,-1.2620,0.1575,-37.2824,-30.9542,126.8244
-0.1052,-1.2480,0.1929,-33.5954,-27.2061,123.7252
-0.0833,-1.2781,0.2092,-29.7328,-22.6947,119.8168
-0.0564,-1.2744,0.2012,-25.1603,-17.1832,114.9237
-0.0261,-1.2280,0.1731,-20.1908,-11.1527,109.0229
-0.0076,-1.1240,0.1436,-15.8779,-4.5573,102.4733
0.0022,-1.0300,0.1238,-12.2672,1.0992,96.3359
0.0056,-0.9243,0.1128,-9.0382,6.4504,89.6718
0.0112,-0.8201,0.1255,-6.3282,10.8015,82.6641
0.0029,-0.7310,0.1538,-3.9237,14.4046,75.3740
-0.0002,-0.6743,0.1978,-1.8168,16.9160,67.7252
-0.0085,-0.6392,0.2212,-0.0763,18.8015,59.7252
-0.0217,-0.5928,0.2388,1.7939,19.5725,51.6489
-0.0300,-0.5151,0.2444,2.8855,19.8550,42.8321
-0.0474,-0.4602,0.2612,4.1985,18.6641,34.5573
-0.0449,-0.4138,0.2712,5.2748,17.1985,26.2290
-0.0562,-0.3662,0.2759,6.1603,15.3053,17.6336
-0.0605,-0.3242,0.2888,6.9847,13.4427,9.2290
-0.0618,-0.2837,0.2996,7.6565,11.9847,0.3893
-0.0647,-0.2517,0.3071,8.2137,10.8779,-8.6641
-0.0671,-0.2322,0.3184,8.7863,10.9695,-17.6565
-0.0757,-0.2258,0.3274,9.1603,11.9847,-27.2061
-0.0779,-0.2371,0.3308,9.6107,13.8092,-37.0229
-0.0879,-0.2622,0.3340,10.2366,15.9695,-47.1603
-0.1113,-0.3027,0.3325,11.2443,18.0000,-57.3130
-0.1472,-0.3569,0.3193,12.7405,19.4962,-67.6870
-0.1709,-0.4158,0.2979,14.3740,20.6336,-77.7481
-0.1475,-0.4954,0.2742,15.1221,25.1908,-86.6870
-0.1877,-0.6304,0.3022,17.7023,29.3053,-95.7481
-0.2864,-0.7688,0.2891,19.2443,28.5573,-102.4733
-0.3171,-0.8904,0.2759,20.8931,25.8397,-111.4657
-0.3020,-1.0151,0.2590,23.0076,24.1756,-120.7939
-0.3096,-1.1963,0.2593,26.7176,24.2214,-129.3359
-0.3542,-1.3855,0.2542,30.0992,23.0153,-136.0000
-0.4036,-1.5862,0.2549,33.4046,20.6794,-142.1832
-0.4639,-1.7410,0.2517,37.3740,17.9084,-147.2901
-0.5347,-1.8076,0.2410,41.7099,15.6107,-149.8321
